keys,ru
File,Файл
Edit,Правка
View,Вид
Help,Справка
New,Создать
New Project,Новый проект
New file,Новый файл
Open,Открыть
Open...,Открыть…
Open file,Открыть файл
Open Recent,Недавние
Recent Projects,Недавние проекты
Recent files,Недавние файлы
Save,Сохранить
Save As...,Сохранить как…
Save Copy...,Сохранить копию…
Save Version,Сохранить версию
Save file,Сохранить файл
Save file as,Сохранить файл как
Don't Save,Не сохранять
Save changes?,Сохранить изменения?
Save change before closing?,Сохранить изменения перед закрытием?
The document you have opened will be closed. Do you want to save the changes?,Открытый документ будет закрыт. Сохранить изменения?
Quit,Выход
Exit,Выход
Undo,Отменить
Redo,Повторить
Undo History,История отмен
Preferences,Настройки
Import...,Импорт…
Export,Экспорт
To CSV,В CSV
To JSON,В JSON
To Portable Object,В Portable Object (.po)
Cancel,Отмена
OK,ОК
Yes,Да
No,Нет
Done,Готово
Close,Закрыть
Select,Выбрать
Select a file,Выберите файл
Add,Добавить
Add Item,Добавить элемент
Delete item,Удалить элемент
Edit item,Изменить элемент
Clear,Очистить
Clear selection,Снять выделение
Delete anyway,Всё равно удалить
Delete Storyline,Удалить сюжетную линию
Are you sure?,Точно?
Keep,Оставить
Update,Обновить
Restore,Восстановить
Search,Поиск
Search...,Поиск…
Search lines,Поиск реплик
Search nodes,Поиск узлов
Show searchbar,Показать поиск
Show Console,Показать консоль
Show Grid,Показать сетку
Show Inspector,Показать панель свойств
Show Project Explorer,Показать панель проекта
Show Status Bar,Показать строку состояния
Toggle grid,Сетка вкл/выкл
Toggle snapping,Привязка вкл/выкл
Snap,Привязка
Snap to grid,Привязать к сетке
Pixel grid,Пиксельная сетка
Zoom in,Приблизить
Zoom out,Отдалить
Zoom to fit,Показать всё
Zoom to selection,Показать выделенное
Run,Запуск
Run project,Запустить проект
Run project from this node,Запустить с этого узла
Arrange nodes,Упорядочить узлы
Add a node,Добавить узел
Add node,Добавить узел
Go to connected node,Перейти к связанному узлу
Inspect connected node,Открыть связанный узел
Extract into a Section,Вынести в раздел
"Remove, Keeping the Chain","Удалить, сохранив цепочку"
Select a single chain.,Выделите одну цепочку.
Documentation,Документация
Report Bug,Сообщить об ошибке
Report a Bug,Сообщить об ошибке
Contribute,Помочь проекту
Support Us,Поддержать
Copy System Info,Скопировать сведения о системе
Don't show this again,Больше не показывать
Regenerate theme,Обновить тему
Open Localization Utility,Открыть перевод
Localization,Локализация
Translation,Перевод
Untranslated only,Только без перевода
Source Text,Исходный текст
Switch language,Сменить язык
Language:,Язык:
Languages,Языки
English,English
System,Как в системе
Language of the editor itself. System follows your computer.,Язык самого редактора. «Как в системе» — как на компьютере.
interface/language,Язык интерфейса
language,язык интерфейса
French,Французский
Spanish,Испанский
Examples,Примеры
Example,Пример
I am not done,Я ещё не закончил
Enter something here:,Введите что-нибудь:
characters,персонажи
variables,переменные
items,предметы
locations,места
languages,языки
eases,кривые анимации
line,реплика
speaker,кто говорит
choices,варианты
condition,условие
value,значение
variable,переменная
item,предмет
amount,количество
who,кто
target,куда
image,картинка
sound,звук
volume,громкость
loop,повтор
duration,длительность
ease,сглаживание
section,раздел
storyline,сюжетная линия
notes,заметки
tags,метки
name,имя
display_name,имя для игрока
portrait,портрет
portraits,портреты
color,цвет
aliases,другие имена
once,один раз
text,текст
character,персонаж
option,вариант
context,ход
seconds,секунды
action,действие
operator,оператор
enabled,включено
default,по умолчанию
stackable,кладётся стопкой
max_stack,максимум в стопке
price,цена
persistent,сохраняется
Variable,Переменная
Was at,Уже проходил
Carries,В инвентаре
carries,имеет в инвентаре
was at,уже проходил
NOT,НЕ
AND,И
OR,ИЛИ
yes,да
no,нет
+ Check,+ Условие
Add one more check.,Добавить ещё одно условие.
All of them (AND),Все (И)
Any of them (OR),Любое (ИЛИ)
How the checks combine.,Как сочетаются условия.
Remove this check.,Убрать это условие.
Turn this check around: true becomes false.,Перевернуть: «да» становится «нет».
⚠ Missing (%s),⚠ Не найдено (%s)
test,условие
State,Состояние
Variables,Переменные
Pockets,Инвентарь
Passed,Пройдено
empty,пусто
Restart from the top,Начать сначала
"%d nodes, %d answers recorded","узлов: %d, ответов записано: %d"
Changes here last for this run only. The project is not touched.,Изменения здесь — только на этот прогон. Проект не меняется.
Back where you were.,"Вы там же, где были."
The edit changed the story here; carry on yourself.,Правка изменила историю в этом месте — дальше выбирайте сами.
That answer is gone after the edit; pick again.,После правки этого ответа нет — выберите заново.
Edited — replaying your path…,Правка — прохожу ваш путь заново…
Set by hand: %s,Задано вручную: %s
The story stopped.,История закончилась.
Problems and usages…,Проверка истории…
Problems and usages,Проверка истории
Problems,Проблемы
Where used,Где используется
Check again,Проверить ещё раз
Where,Где
What,Что
Field,Поле
Nothing to fix.,Исправлять нечего.
%d to look at,Замечаний: %d
Not used anywhere.,Нигде не используется.
Variable «%s» is changed but never checked.,"Переменная «%s» меняется, но нигде не проверяется."
Variable «%s» is checked but never changed — only its start value counts.,"Переменная «%s» проверяется, но нигде не меняется — работает только начальное значение."
Variable «%s» is not used anywhere.,Переменная «%s» нигде не используется.
Item «%s» is given but never checked.,"Предмет «%s» выдаётся, но нигде не проверяется."
%s is required.,Не заполнено поле «%s».
stream,звук
Condition is on but empty.,"Условие включено, но пустое."
Path to an ending,Путь к концовке
"Pick an ending (or any node): every way to reach it, and what each one needs.",Выберите концовку (или любой узел): все пути к ней и что нужно на каждом.
Path,Путь
Needs,Что нужно
No way leads here.,Сюда не ведёт ни один путь.
Needed on every path,Нужно на любом пути
nothing,ничего
Path %d — %d steps,Путь %d — шагов: %d
no conditions,без условий
Showing the first %d paths.,Показаны первые %d путей.
Pick,Выбрать
shown if,"показан, если"
Event,Событие
Note,Заметка
Notes,Заметки
note,заметка
A sticky note for whoever writes the story. Has no wires and never plays.,"Стикер для автора. Без связей, в игре не проигрывается."
What to remember here. Seen only in the editor.,Что тут важно помнить. Видно только в редакторе.
Yellow,Жёлтый
Red,Красный
Green,Зелёный
Blue,Синий
Grey,Серый
Route name,Имя маршрута
Save route,Сохранить маршрут
Check,Проверить
Delete this route.,Удалить маршрут.
"Keep the answers given so far under this name, in the project.",Запомнить выбранные ответы под этим именем. Хранится в проекте.
Replay the saved route and say whether it still gets through.,"Пройти сохранённый маршрут и проверить, проходит ли он до сих пор."
Name the route first.,Сначала назовите маршрут.
Route saved: %s,Маршрут сохранён: %s
Checking route: %s…,Проверяю маршрут: %s…
Route «%s» gets through.,Маршрут «%s» проходит.
Route «%s» breaks at step %d: %s,Маршрут «%s» ломается на шаге %d: %s
"Route «%s» ends early, at step %d.",Маршрут «%s» кончается раньше — на шаге %d.
Save as template…,Сохранить как шаблон…
Template name,Имя шаблона
Template saved: %s,Шаблон сохранён: %s
Templates,Шаблоны
Export screenplay (text)…,Экспорт сценария (текст)…
Screenplay written: %s,Сценарий записан: %s
Not connected to the start,Не связано с началом
nowhere,никуда
start,начало
IF,ЕСЛИ
pockets,инвентарь
Give,Дать
Take,Забрать
Set,Задать
Storyline,Сюжетная линия
Jump,Переход
Section,Раздел
Action,Действие
Screenplay,Сценарий
Show Pictures,Показывать картинки
"Small faces and item icons beside names: on cards, in lists and pickers.","Маленькие лица и иконки вещей рядом с именами: на карточках, в списках и выпадающих меню."
Load this project's add-ons?,Загрузить дополнения этого проекта?
"This project brings its own node types: %s.
An add-on is code that runs inside Monologue. Load it only if you trust where the project came from.

%s","Проект приносит свои узлы: %s.
Дополнение — это код, который работает внутри Monologue. Загружайте, только если доверяете источнику проекта.

%s"
Load,Загрузить
Don't load,Не загружать
Add-ons not loaded: %s,Дополнения не загружены: %s
Add-on loaded: %s,Дополнение загружено: %s
Ui Scale,Размер интерфейса
"Size of all text and controls. Also View → Bigger / Smaller, ⌘+ and ⌘−.","Размер всего текста и кнопок. Ещё: Вид → Крупнее / Мельче, ⌘+ и ⌘−."
Bigger,Крупнее
Smaller,Мельче
Actual Size,Обычный размер
+ Add language…,+ Добавить язык…
Option #,Вариант
Portrait #,Портрет
Language #,Язык
Item #,Предмет
Character #,Персонаж
Variable #,Переменная
Exit #,Выход
Storylines,Сюжетные линии
Characters,Персонажи
Character,Персонаж
Locations,Места
Location,Место
Items,Предметы
Inventory,Инвентарь
Collections,Коллекции
Collection,Коллекция
Easing Curves,Кривые анимации
Portraits,Портреты
Variations,Варианты
Options,Варианты ответа
Option,Вариант ответа
General,Общее
Advanced,Дополнительно
Default,По умолчанию
Empty,Пусто
Extra,Прочее
Special,Особое
Special:,Особое:
Preview,Предпросмотр
Property,Свойство
Value,Значение
Type,Тип
Key,Ключ
Label,Метка
Context,Ход
Group,Группа
Root,Начало
Text,Текст
Text Area,Многострочный текст
Color,Цвет
Audio,Звук
Background,Фон
Header,Заголовок
Integer,Целое число
Float,Дробное число
Boolean,Да/нет
List,Список
Reference,Ссылка
Dropdown,Выпадающий список
Dynamic,Динамическое
Left,Слева
Right,Справа
Center,По центру
From,От
To,До
Any,Любой
Linear,Линейно
Ease,Сглаживание
Compact,Компактно
Flow,Поток
Logic,Логика
Narration,Повествование
Stage,Сцена
Node,Узел
Speaker,Говорящий
Narrator,Рассказчик
Memory: 40.0 MB,"Память: 40,0 МБ"
Spacebar,Пробел
Project loaded!,Проект загружен!
Sentence,Реплика
Choice,Выбор
Condition,Условие
End,Конец
Checkpoint,Точка сохранения
Wait,Пауза
Wait Input,Ждать нажатия
Input,Ввод текста
Reroute,Точка изгиба
Join,Выходит на сцену
Leave,Уходит со сцены
Exits,Выходы
If,Если
A line of dialogue.,Строка диалога.
Branches the story on a choice offered to the player.,"Ветвит историю по выбору, который делает игрок."
A single reusable option that can be plugged into a choice node.,"Отдельный вариант ответа, который можно подключать к узлам выбора."
Choices offered by a choice node. Only ever embedded in a node.,"Варианты, которые предлагает узел выбора. Существуют только внутри узла."
Compares a project variable against a value.,Сравнивает переменную проекта со значением.
Sends the story one way or the other depending on a variable.,Ведёт историю в одну или другую сторону в зависимости от переменной.
Changes the value of a project variable.,Меняет значение переменной проекта.
"Gives the player an item, takes one away, or sets how many they hold.","Даёт игроку предмет, забирает его или задаёт, сколько их у него."
"Brings a character on stage, takes them off, or changes how they look.","Выводит персонажа на сцену, убирает или меняет его вид."
Changes the image shown behind the scene.,Меняет картинку за сценой.
Plays a sound or a piece of music.,Проигрывает звук или музыку.
Moves the story to a place.,Переносит историю в другое место.
Pauses for a moment before continuing.,Ненадолго останавливается перед продолжением.
Waits for the player to press something before continuing.,"Ждёт, пока игрок что-нибудь нажмёт."
"Asks the player to type something, and keeps it in a variable.",Просит игрока что-то ввести и сохраняет это в переменную.
Marks a place the story can be resumed from.,"Отмечает место, с которого историю можно продолжить."
Stops the story here.,Здесь история заканчивается.
Entry point of a storyline.,Точка входа в сюжетную линию.
Hands the story over to another storyline.,Передаёт историю в другую сюжетную линию.
"Continues in another section, without coming back.",Продолжает в другом разделе без возврата.
"Runs a section, then carries on from wherever it stopped.","Проигрывает раздел и продолжает с того места, где он остановился."
Tells the game to do something Monologue knows nothing about.,"Просит игру сделать то, о чём Monologue ничего не знает."
Hold the story until the game says it is done.,"Ждать, пока игра не скажет, что закончила."
Interrupts the story when a variable changes to match.,"Прерывает историю, когда переменная принимает нужное значение."
Bends a wire without changing anything about the story.,"Изгибает провод, ничего не меняя в истории."
Pick a node type to read what it does.,"Выберите тип узла, чтобы прочитать, что он делает."
"Text the player reads, stored per language.","Текст, который видит игрок; для каждого языка свой."
Shown to the player. Falls back to the name when empty.,Показывается игроку. Если пусто — используется имя.
Other names this character is known by.,Другие имена этого персонажа.
Everyone who can speak or be referred to in the story.,"Все, кто может говорить или упоминаться в истории."
"Tints this character's lines, where the game chooses to.","Окрашивает реплики персонажа, где игра это поддерживает."
Character artwork. Lives inside a character rather than project-wide.,"Изображения персонажа. Хранятся у персонажа, а не во всём проекте."
Shown when this portrait is on screen.,"Показывается, когда этот портрет на экране."
"Extra images, played in order. Leave empty for a still portrait.",Дополнительные кадры по порядку. Пусто — неподвижный портрет.
Only used when there is more than one frame.,"Используется, только если кадров больше одного."
Flips the portrait in the horizontal axis.,Отразить портрет по горизонтали.
Flips the portrait in the vertical axis.,Отразить портрет по вертикали.
Flips the image in the horizontal axis.,Отразить картинку по горизонтали.
Flips the image in the vertical axis.,Отразить картинку по вертикали.
Offset the image from it's original position.,Сдвиг картинки от исходного положения.
Face to change to while saying this. Only for a speaker already on stage.,"Какое лицо показать на этой реплике. Только для того, кто уже на сцене."
Which face to wear. Falls back to the character's default portrait.,Какое лицо показать. Иначе — портрет по умолчанию.
Where on screen the character stands.,Где на экране стоит персонаж.
Who stands in front of whom.,Кто стоит перед кем.
"Whether the character comes on, goes off, or only changes.","Персонаж выходит на сцену, уходит или только меняется."
Who this is about.,О ком это.
Which item this is about.,О каком предмете это.
Whose pockets this is about. Everyone carries their own.,Чей это инвентарь. У каждого свой.
How many. Setting zero is how an item is taken away entirely.,Сколько. Ноль — предмет забирается полностью.
Whether several of these occupy one slot.,Складываются ли несколько таких в одну ячейку.
Ignored when the item does not stack.,"Не учитывается, если предмет не складывается."
"What the item is worth, in whatever the game counts in.","Сколько стоит предмет, в тех деньгах, что в игре."
Named values the story can read in conditions and write with setters.,Именованные значения: история читает их в условиях и меняет узлами «Задать».
Kept between runs rather than reset when the story restarts.,"Сохраняется между запусками, а не сбрасывается при перезапуске."
Variable to write to.,В какую переменную записать.
Variable to keep what the game answers in.,Переменная для ответа игры.
"What the game should do. Matched by the runtime, never by Monologue.","Что должна сделать игра. Распознаёт игра, а не Monologue."
How long the story pauses here before carrying on.,Сколько история ждёт здесь перед продолжением.
Where the story moves to.,Куда переходит история.
How a place looks. Lives inside a location rather than project-wide.,"Как выглядит место. Хранится у места, а не во всём проекте."
Which state to show the place in. Falls back to its default variation.,В каком виде показать место. Иначе — вариант по умолчанию.
Whether the place's own picture replaces the background.,Заменяет ли картинка места фон.
Shown when the story is here and this variation is the one asked for.,"Показывается, когда история здесь и выбран этот вариант."
Image shown behind the scene from here on.,Фон сцены с этого места.
Sound or music to play from here on.,Звук или музыка с этого места.
0 plays the file at the level it was recorded.,0 — проигрывать с громкостью записи.
Keeps playing until something else stops it.,"Играет, пока что-то другое не остановит."
How long the move takes. Zero happens at once.,Сколько длится движение. Ноль — мгновенно.
How the move eases. Falls back to the project's default curve.,Как сглаживается движение. Иначе — кривая проекта по умолчанию.
Reusable easing curves referenced by animated fields.,Кривые сглаживания для анимированных полей.
"Easing curve. Cubic bezier for now, stored as its four coordinates.","Кривая сглаживания. Пока кубическая Безье, хранится как четыре числа."
"Fires once, then stays quiet for the rest of the run.","Срабатывает один раз, дальше молчит до конца прохождения."
Free labels the game can filter on. Monologue never reads them.,"Метки для игры, по ним она может искать. Сам Monologue их не читает."
Multi-line notes for whoever writes the story. Not translated.,Многострочные заметки для автора. Не переводятся.
"Passed through in order, as written.","Проходятся по порядку, как записаны."
One per place the section stops. Wire each onward.,"По одному на каждое место, где раздел заканчивается. Протяните от каждого связь дальше."
"Ways out of a section. Computed, never written by hand.","Выходы из раздела. Считаются сами, вручную не пишутся."
Section to run.,Какой раздел проиграть.
Section to continue in.,В каком разделе продолжить.
Storyline to continue into.,В какую сюжетную линию перейти.
Storyline the project starts from.,С какой сюжетной линии начинается проект.
Languages the story can be written in.,"Языки, на которых пишется история."
"A piece of text, fed into whatever reads it.",Текст — уходит дальше по связи.
"A whole number, fed into whatever reads it.",Целое число — уходит дальше по связи.
"A number with decimals, fed into whatever reads it.",Дробное число — уходит дальше по связи.
"A yes or no, fed into whatever reads it.",Да или нет — уходит дальше по связи.
"A whole number. Drag across it to change it, click to type one.","Целое число. Потяните, чтобы изменить, или щёлкните, чтобы ввести."
"A number with decimals. Drag across it to change it, click to type one.","Дробное число. Потяните, чтобы изменить, или щёлкните, чтобы ввести."
Pick one value from a static list or from a collection.,Выберите одно значение из списка или коллекции.
"Points at another object by its id, whatever that object is called.","Указывает на другой объект по его id, как бы он ни назывался."
Swaps its widget based on the value of a sibling property.,Меняет вид поля в зависимости от соседнего свойства.
"An ordered list of primitive values, all of the same field type.",Упорядоченный список простых значений одного типа.
"An ordered list of full collection items, unlike `list` which holds primitives.",Упорядоченный список элементов коллекции (в отличие от простого списка).
Port-only type carrying story flow between nodes. Has no editor widget.,Служебный тип: поток истории между узлами. Поля нет.
Port-only type linking an option node to a choice node's option list.,Служебный тип: связывает вариант ответа со списком узла выбора.
Port-only type that accepts a connection from any other field type.,Служебный тип: принимает связь от любого поля.
"Use letters, digits and underscores only, and don't start with a digit.","Только буквы, цифры и подчёркивание, и не начинать с цифры."
This node names no variable.,В узле не указана переменная.
This node names nobody.,В узле не указан персонаж.
This node names no item.,В узле не указан предмет.
This node names no image.,В узле не указана картинка.
This node names no sound.,В узле не указан звук.
This node names no section.,В узле не указан раздел.
"This node names no section, so it does nothing.","В узле не указан раздел, поэтому он ничего не делает."
This node names nowhere to move to.,"В узле не указано, куда переходить."
This node names nobody to carry the item.,"В узле не указано, у кого предмет."
This node asks the game for nothing.,Узел ничего не просит у игры.
"This condition tests nothing, so it always takes the same branch.",Условие ничего не проверяет и всегда идёт в одну ветку.
"This option's condition is enabled but empty, so it always shows.","У варианта включено пустое условие, поэтому он показывается всегда."
"This event watches no variable, so it never fires.",Событие не следит ни за одной переменной и не сработает.
This jump names no section.,В переходе не указан раздел.
"This jump names no section, so the story stops here.","В переходе не указан раздел, история здесь остановится."
The section this jumps to is gone.,"Раздел, куда ведёт переход, удалён."
The section this runs is gone.,"Раздел, который здесь проигрывается, удалён."
"The section run here never stops, so this node has no way out.","Раздел здесь никогда не останавливается, у узла нет выхода."
"This section ends up running itself, so it would never stop.",Раздел запускает сам себя и никогда не остановится.
"This switches to the storyline it is already in, restarting it.",Переход в ту же сюжетную линию — она начнётся заново.
"This wait is zero seconds long, so it does nothing.",Пауза ноль секунд — ничего не делает.
"This moves none of the item, so nothing changes.","Количество — ноль, ничего не изменится."
"This item does not stack, so its stack size is never used.","Предмет не складывается, размер стопки не используется."
This portrait does not belong to the character named here.,Этот портрет не принадлежит указанному персонажу.
This variation does not belong to the place named here.,Этот вариант не принадлежит указанному месту.
This place has no picture to show.,У места нет картинки.
Every option was spent or switched off.,Все варианты использованы или выключены.
What was typed had nowhere to go.,Введённое некуда сохранить.
There is no project to run.,Нет проекта для запуска.
There is no storyline to continue into.,Нет сюжетной линии для перехода.
"Nothing has been loaded, so there is nothing to play.",Ничего не загружено — нечего проигрывать.
No story to read.,Нечего читать.
This story has no readable storyline.,В истории нет читаемой сюжетной линии.
This project has no readable storyline.,В проекте нет читаемой сюжетной линии.
"The storyline couldn't be removed, it's the only one left.",Нельзя удалить единственную сюжетную линию.
No active storyline available to add node.,"Нет открытой сюжетной линии, куда добавить узел."
A storyline has no id and cannot be reached.,"У сюжетной линии нет id, в неё нельзя попасть."
A node in this storyline has no type.,У узла в этой линии нет типа.
A wire points at a node that is not in this storyline.,"Связь ведёт к узлу, которого нет в этой линии."
A value wire loops back on itself.,Связь значения замкнута сама на себя.
Nothing here accepts that connection,Сюда эту связь подключить нельзя
Nothing is selected.,Ничего не выделено.
Nothing to show here.,Здесь нечего показать.
have no way out of it. Take the whole branch in.,— из них нет выхода. Выделите ветку целиком.
No file selected.,Файл не выбран.
No path to save to.,Не указан путь для сохранения.
No project to save.,Нет проекта для сохранения.
Not valid JSON.,Это не JSON или он повреждён.
Can't open multiple files.,Нельзя открыть несколько файлов сразу.
Anything that failed to load will be lost.,"Всё, что не загрузилось, будет потеряно."
The file has no rows to import.,В файле нет строк для импорта.
This file does not say what language it is in.,В файле не указан язык.
A Portable Object file needs a language to write.,Для файла .po нужен язык.
"The project carries no languages, so there is nothing to switch between.",В проекте нет языков — переключать нечего.
Invalid value.,Неверное значение.
A save cannot be restored before a project is loaded.,"Сохранение нельзя восстановить, пока проект не загружен."
"[center][b]Monologue Preview[/b][/center]

Monologue is in preview. If you encounter any bugs or issues, please report them on [url=https://github.com/atomic-junky/Monologue/]GitHub[/url] by creating an issue.

Thank you very much for using Monologue!","[center][b]Russian Monologue[/b][/center]

Нашли ошибку — напишите о ней на [url=https://github.com/andreysuperfly/russian-monologue/issues]GitHub[/url].

Спасибо, что пользуетесь!"
Back Wires as ↩ Links,Обратные связи — без пунктира
needs or checks,нужно / проверяет
changes,меняет
Card colour,Цвет карточки
Branch colour,Цвет ветки
No colour,Без цвета
Orange,Оранжевый
Teal,Бирюзовый
Purple,Фиолетовый
Pink,Розовый
In plain words,по-человечески
remember,запомнить
forget,забыть
if: %s,если: %s
if: —,если: —
Search the whole project,Поиск по всему проекту
"Nothing found. Every word must be somewhere in the line, the speaker or the storyline's name.","Ничего не нашлось. Каждое слово должно быть в реплике, у говорящего или в названии диалога."
storylines: %d,диалогов: %d
places: %d,мест: %d
places: %d+,мест: %d+
Collections of mine,Подборки
New folder,Новая папка
New folder inside,Новая папка внутри
Rename,Переименовать
Delete,Удалить
Delete…,Удалить…
Remove from collection,Убрать из подборки
Delete this folder and everything in it?,"Удалить эту папку со всем, что в ней?"
Right-click to make a folder; add storylines and nodes with right-click on them.,Правой кнопкой — новая папка. Диалоги и узлы кладутся сюда правой кнопкой по ним.
Add to a collection,Добавить в подборку
You are about to delete the storyline '%s'.,Сюжетная линия «%s» будет удалена.
Double-click a place to open it on the graph.,Двойной щелчок — открыть это место на схеме.
"Search variable, item or character…","Найти переменную, предмет или персонажа…"
No target selected.,Ничего не выбрано.
World,Мир
Compact Cards,Компактные карточки
Node color,Цвет узла
"Cards show only their title, wired rows and preview.","На карточке только заголовок, подключённые строки и суть."
↻ Check again,↻ Проверить снова
ERROR,ОШИБКА
WARNING,ПРЕДУПРЕЖДЕНИЕ
Go to →,Перейти →
Go to %s,Перейти: %s
Delete %d nodes,Удалить узлы: %d
Editing %d objects at once.,Выбрано: %d — правка идёт всем сразу.
Back (⌘[),Назад (⌘[)
Forward (⌘]),Вперёд (⌘])
pass,да
fail,нет
one_shot,скрыть после выбора
enable_condition,с условием
description,описание
port context,ход
port text,текст
port character,персонаж
port option,вариант
port any,любое
port bool,да/нет
port int,число
port float,число
port item,предмет
port portrait,портрет
port variable,переменная
port location,место
port storyline,линия
port section,раздел
port reference,ссылка
port list,список
port collection,список
port audio,звук
port file,файл
Storyline «%s»,Диалог «%s»
Open this place on the graph,Открыть это место на схеме
Show on the graph →,Показать на схеме →
Click a place: the graph opens there and its card flashes red.,"Нажмите на место — откроется схема, и нужная карточка мигнёт красным."
A line — %s,Реплика — %s
A line,Реплика
Player's answer,Ответ игрока
Player's choice,Выбор игрока
A check,Проверка условия
Choices,Выборы
Add a node…,Добавить узел…
Add a condition,Добавить условие
Add a condition to an answer,Добавить условие ответу
What is checked,что проверять
changes a variable,меняет переменную
gives or takes an item,даёт или забирает предмет
runs a section,запускает раздел
does something in the game,делает что-то в игре
%d other place(s) point at it,на неё ссылаются ещё %d мест(а)
Delete «%s»?,Удалить «%s»?
After it come %d card(s) nothing else leads to. Cards another way still reaches stay.,"После него идут карточки, в которые больше ничего не ведёт: %d. Карточки, куда ведёт и другой путь, останутся."
What matters in that branch — click to look:,"Важное в этой ветке — кликните, чтобы посмотреть:"
Only the answer,Только ответ
With the branch (%d),Вместе с веткой (%d)
another check,ещё проверка
Show the checks,Показать проверки
Hide the checks,Скрыть проверки
No checks on this card. A right click adds one.,Проверок нет. Добавить — правым кликом.
Remove the condition,Убрать
Lay Out Tight,Разложить плотно
Lay Out Roomy,Разложить просторно
Tight,Плотно
Roomy,Просторно
Lay Out Tight (Undo: ⌘Z),Разложить плотно (отмена: ⌘Z)
Lay Out Roomy (Undo: ⌘Z),Разложить просторно (отмена: ⌘Z)
Separate Parallel Wires,Разделять параллельные линии
Separate Wires,Разделять линии
Avoid Cards,Огибать карточки
Route parallel wires in separate lanes so they do not merge (Undo: toggle again),"Вести параллельные линии в отдельных полосах, чтобы они не сливались (отмена: нажать ещё раз)"
Route parallel wires in separate lanes so they do not overlap,"Вести параллельные линии в отдельных полосах, чтобы они не накладывались"
Go to the card this leads to,"Перейти к карточке, куда это ведёт"
Colour the whole line from here…,Цвет всей линии отсюда…
"This card and every card after it, up to where the line joins another.","Эта карточка и все после неё — до места, где линия сливается с другой."
The file «%s» in the folder «%s» has changes that are not saved.,В файле «%s» (папка «%s») есть несохранённые изменения.
All places,Все места
Where it is given or taken away,Где даёт или отнимает
Where it is needed or checked,Где нужно или проверяется
"the story goes on one way if this is so, another if not","если это так — история идёт по одной ветке, если нет — по другой"
Interface,Интерфейс
Story text,Текст истории
Language %d,Язык %d
Language of the editor itself.,Язык самого редактора.
Language the lines of the story are shown in.,На каком языке показаны реплики истории.
"Language of the editor, and of the story text",Язык редактора и язык текста истории
error|errors|errors,ошибка|ошибки|ошибок
warning|warnings|warnings,предупреждение|предупреждения|предупреждений
else:,иначе:
scene %s,сцена %s
ID,ID
Name,Имя
Arguments,Аргументы
Result,Результат
Editor Position,Место на схеме
Stream,Звук
Loop,Повтор
Playback,Воспроизведение
Volume,Громкость
dB,дБ
Pitch,Высота тона
Image,Картинка
Bool,Да/нет
Int,Целое число
Who,Кто
Portrait,Портрет
Display,Показ
Z Index,Слой
Position,Положение
Flip H,Отразить по горизонтали
Flip V,Отразить по вертикали
Offset,Сдвиг
Curve,Кривая
Animation,Анимация
Duration,Длительность
s,с
Test,Условие
Pass,Да
Fail,Нет
Can Retrieve,Можно продолжить
Tags,Метки
One Shot,Скрыть после выбора
Placeholder,Подсказка в поле
Allow Empty,Можно пустым
Item,Предмет
Operation,Действие
Quantity,Количество
Target,Куда
Show Image,Показать картинку
Variation,Вид
Enabled,Включено
Enable Condition,С условием
Line,Реплика
Display Name,Имя для игрока
Voiceline,Озвучка
Operator,Оператор
Seconds,Секунды
Hide Text Box,Скрыть окно текста
Nicknames,Другие имена
Description,Описание
Protected,Защищён
Is Default,По умолчанию
Icon,Иконка
Stackable,Кладётся стопкой
Max Stack,Максимум в стопке
Code,Код
Frames,Кадры
Fps,Кадров в секунду
Persistent,Сохраняется
Language,Язык
Graph,Схема
Back Links As Buttons,Обратные связи кнопками
Separate Wire Lanes,Разделять параллельные линии
Avoid Card Obstacles,Огибать карточки
Display Response In The Flow,Показывать ответ в потоке
Bookmarks,Закладки
Journeys,Маршруты
arguments,аргументы
wait,ждать
result,результат
audio,звук
pitch,высота тона
background,фон
z_index,слой
position,положение
flip_h,отразить по горизонтали
flip_v,отразить по вертикали
offset,сдвиг
curve,кривая
checkpoint,точка сохранения
choice,выбор
end,конец
can_retrieve,можно продолжить
event,событие
input,ввод
placeholder,подсказка в поле
allow_empty,можно пустым
inventory,инвентарь
operation,действие
quantity,количество
jump,переход
location,место
show_image,показать картинку
variation,вид
reroute,точка изгиба
sentence,реплика
voiceline,озвучка
wait_input,ждать нажатия
hide_text_box,скрыть окно текста
exits,выходы
Zoom to 100%,Масштаб 100%
Inspect the last object,Открыть предыдущий объект
Delete %s?,Удалить «%s»?
"%d place(s) still point at it, and will show it as missing:",На это ещё ссылаются места (%d) — там будет «не найдено»:
  - and %d more,  - и ещё %d
Must be at least %d character(s).,Не короче %d симв.
Must be at most %d character(s).,Не длиннее %d симв.
Must be at least %s.,Не меньше %s.
Must be at most %s.,Не больше %s.
Another %s already uses %s '%s'.,Другой объект (%s) уже использует %s «%s».
"%s points at '%s', which no longer exists.","%s ссылается на «%s», а этого больше нет."
These %d objects have no editable property in common.,У выбранных объектов (%d) нет общих свойств для правки.
Reading and writing %s — pick a different language to translate into,"Читаем и пишем на языке %s — выберите другой язык, на который переводить"
%d of %d lines translated into %s — showing %d,Переведено %d из %d строк на %s — показано: %d
Sort by %s,Сортировать: %s
Exported %d lines to '%s'.,Выгружено строк: %d → «%s».
Imported %d line(s) from '%s'.,Загружено строк: %d из «%s».
That wire already ends at this %s.,Эта связь и так подходит к этому узлу («%s»).
"The story stops at a %s, so it cannot sit in the middle of a chain.",На узле «%s» история останавливается — в середину цепочки его не поставить.
"This %s already leads somewhere, so dropping it here would fork the story.","Узел «%s» уже ведёт дальше — если вставить его сюда, история разветвится."
"The section %s goes too, with the nodes in it: %d.",Раздел %s тоже удалится вместе с узлами в нём: %d.
"The sections %s go too, with the nodes in them: %d.",Разделы %s тоже удалятся вместе с узлами в них: %d.
[!] Missing: ,[!] Не найдено: 
<none>,<нет>
Default (%s),По умолчанию (%s)
%s has no portrait.,У «%s» нет портрета.
%s has no variation.,У «%s» нет ни одного вида.
This carries %s into a port that takes %s.,"Сюда приходит %s, а вход принимает %s."
A '%s' has nothing that takes what was dragged into it.,"У узла «%s» нет входа для того, что сюда перетащили."
Memory: %.1f MB,Память: %.1f МБ
when,когда
File path: %s,Путь к файлу: %s
This story cannot be played; see the problems above.,Эту историю не проиграть — смотрите проблемы выше.
The story stopped: %s.,История закончилась: %s.
"A section is entered in one place, and this selection is entered in %d. Select a single chain.","В раздел входят в одном месте, а в выделенное — в нескольких (%d). Выделите одну цепочку."
"'%s' branches both inside and outside the selection, so the section would have no way out of it. Take the whole branch in.","«%s» ведёт и внутрь выделения, и наружу — из раздела не будет выхода. Выделите ветку целиком."
"Saving over '%s', which had %d error(s) when it was opened. Anything that failed to load will be lost.","Сохраняю поверх «%s», хотя при открытии в нём были ошибки (%d). Всё, что не загрузилось, будет потеряно."
"This project uses file format %d, which this version of Monologue cannot read.",Проект записан в формате %d — эта версия Monologue его не читает.
The first row must name a '%s' column.,В первой строке должен быть столбец «%s».
'%s' does not contain a translation object.,В «%s» нет данных перевода.
'%s' does not hold a set of translations; it was skipped.,"«%s» — не набор переводов, пропущено."
There is no file at '%s'.,Файла «%s» нет.
Could not write to '%s'.,Не удалось записать в «%s».
No text in this project is called '%s'; it was left out.,В проекте нет текста «%s» — пропущено.
Could not write '%s'.,Не удалось записать «%s».
Could not create '%s'.,Не удалось создать «%s».
Could not write '%s'; kept the previous version.,Не удалось записать «%s» — оставлена прежняя версия.
Could not replace '%s'.,Не удалось заменить «%s».
Could not open '%s' for writing (error %d).,Не удалось открыть «%s» для записи (ошибка %d).
<unsaved>,<не сохранён>
Comma-separated values,Таблица CSV
Portable Object,Portable Object (.po)
Monologue Project,Проект Monologue
Monologue File,Файл Monologue
Storyline Document,Документ сюжетной линии
External edits applied. Nodes changed: %d,Правки снаружи применены. Изменено узлов: %d
Conflicting nodes: %d,Конфликтующих узлов: %d
"You and another program both changed the same fields here:
%s
Your version is kept. Take the version on disk for these instead?","Здесь одни и те же поля изменили и вы, и другая программа:
%s
Оставлена ваша версия. Взять для них версию с диска?"
Take disk version,Взять с диска
Keep mine,Оставить мои
